day,visits
2022-01-01,5408
2022-01-02,5662
2022-01-03,6546
2022-01-04,5537
2022-01-05,4259
2022-01-06,3494
2022-01-07,3423
2022-01-08,4954
2022-01-09,6000
2022-01-10,7127
2022-01-11,5696
2022-01-12,4279
2022-01-13,3481
2022-01-14,3694
2022-01-15,4789
2022-01-16,6095
2022-01-17,6559
2022-01-18,5603
2022-01-19,4541
2022-01-20,3498
2022-01-21,3832
2022-01-22,5309
2022-01-23,6282
2022-01-24,6361
2022-01-25,5614
2022-01-26,4457
2022-01-27,3925
2022-01-28,3773
2022-01-29,4951
2022-01-30,6373
2022-01-31,6285
2022-02-01,5592
2022-02-02,4526
2022-02-03,3654
2022-02-04,3846
2022-02-05,5134
2022-02-06,5607
2022-02-07,6667
2022-02-08,5459
2022-02-09,4015
2022-02-10,3593
2022-02-11,3967
2022-02-12,4911
2022-02-13,5957
2022-02-14,6468
2022-02-15,5640
2022-02-16,4630
2022-02-17,3687
2022-02-18,3866
2022-02-19,5222
2022-02-20,6132
2022-02-21,6277
2022-02-22,5768
2022-02-23,4466
2022-02-24,3495
2022-02-25,3671
2022-02-26,5046
2022-02-27,5674
2022-02-28,6600
2022-03-01,5749
2022-03-02,4021
2022-03-03,3550
2022-03-04,3634
2022-03-05,5151
2022-03-06,5766
2022-03-07,6279
2022-03-08,5793
2022-03-09,4580
2022-03-10,3106
2022-03-11,3728
2022-03-12,5066
2022-03-13,6051
2022-03-14,6781
2022-03-15,5413
2022-03-16,4420
2022-03-17,3328
2022-03-18,4108
2022-03-19,4996
2022-03-20,6098
2022-03-21,6119
2022-03-22,5987
2022-03-23,4500
2022-03-24,3688
2022-03-25,4055
2022-03-26,5070
2022-03-27,6045
2022-03-28,6302
2022-03-29,5491
2022-03-30,4623
2022-03-31,3246
2022-04-01,3708
2022-04-02,4936
2022-04-03,6218
2022-04-04,6577
2022-04-05,5401
2022-04-06,4003
2022-04-07,3537
2022-04-08,4070
2022-04-09,5151
2022-04-10,6216
2022-04-11,6399
2022-04-12,5709
2022-04-13,4301
2022-04-14,3701
2022-04-15,3668
2022-04-16,5027
2022-04-17,6151
2022-04-18,6571
2022-04-19,5696
2022-04-20,4859
2022-04-21,3837
2022-04-22,742
2022-04-23,4592
2022-04-24,6105
2022-04-25,6341
2022-04-26,5757
2022-04-27,3893
2022-04-28,3773
2022-04-29,4041
2022-04-30,4740
2022-05-01,5977
2022-05-02,6302
2022-05-03,5659
2022-05-04,4477
2022-05-05,3947
2022-05-06,3788
2022-05-07,5154
2022-05-08,1179
2022-05-09,6814
2022-05-10,5799
2022-05-11,4623
2022-05-12,3322
2022-05-13,3789
2022-05-14,4837
2022-05-15,6474
2022-05-16,6594
2022-05-17,5590
2022-05-18,4259
2022-05-19,3635
2022-05-20,3687
2022-05-21,4814
2022-05-22,6269
2022-05-23,6955
2022-05-24,5602
2022-05-25,4238
2022-05-26,3303
2022-05-27,3560
2022-05-28,5105
2022-05-29,6343
2022-05-30,6464
2022-05-31,5717
2022-06-01,4372
2022-06-02,3565
2022-06-03,3522
2022-06-04,4908
2022-06-05,6195
2022-06-06,6306
2022-06-07,5556
2022-06-08,4185
2022-06-09,3471
2022-06-10,3998
2022-06-11,4919
2022-06-12,6142
2022-06-13,6625
2022-06-14,5780
2022-06-15,4688
2022-06-16,3120
2022-06-17,3999
2022-06-18,4904
2022-06-19,6200
2022-06-20,6630
2022-06-21,5867
2022-06-22,4557
2022-06-23,3569
2022-06-24,4149
2022-06-25,4943
2022-06-26,6145
2022-06-27,6622
2022-06-28,5541
2022-06-29,4781
2022-06-30,3741
2022-07-01,4262
2022-07-02,4995
2022-07-03,6096
2022-07-04,6496
2022-07-05,5798
2022-07-06,4232
2022-07-07,3614
2022-07-08,3824
2022-07-09,5323
2022-07-10,6040
2022-07-11,6672
2022-07-12,5522
2022-07-13,4157
2022-07-14,3396
2022-07-15,3589
2022-07-16,5029
2022-07-17,6379
2022-07-18,6495
2022-07-19,5776
2022-07-20,4676
2022-07-21,3592
2022-07-22,3866
2022-07-23,4945
2022-07-24,5851
2022-07-25,6614
2022-07-26,5300
2022-07-27,4480
2022-07-28,3535
2022-07-29,4053
2022-07-30,4986
2022-07-31,6008
2022-08-01,6534
2022-08-02,5539
2022-08-03,4313
2022-08-04,3546
2022-08-05,3800
2022-08-06,4962
2022-08-07,6006
2022-08-08,6425
2022-08-09,5223
2022-08-10,4318
2022-08-11,3298
2022-08-12,4051
2022-08-13,324
2022-08-14,5783
2022-08-15,6491
2022-08-16,5626
2022-08-17,4140
2022-08-18,3644
2022-08-19,3735
2022-08-20,4646
2022-08-21,6119
2022-08-22,6433
2022-08-23,5672
2022-08-24,4103
2022-08-25,3661
2022-08-26,3974
2022-08-27,4771
2022-08-28,6041
2022-08-29,6446
2022-08-30,5538
2022-08-31,4698
2022-09-01,3579
2022-09-02,3625
2022-09-03,4842
2022-09-04,6161
2022-09-05,6922
2022-09-06,5615
2022-09-07,4375
2022-09-08,3640
2022-09-09,3819
2022-09-10,5456
2022-09-11,6066
2022-09-12,6611
2022-09-13,5683
2022-09-14,4473
2022-09-15,3302
2022-09-16,4181
2022-09-17,4976
2022-09-18,6180
2022-09-19,6275
2022-09-20,5505
2022-09-21,4462
2022-09-22,3735
2022-09-23,3978
2022-09-24,5242
2022-09-25,6316
2022-09-26,6468
2022-09-27,5818
2022-09-28,4468
2022-09-29,3517
2022-09-30,3972
2022-10-01,5257
2022-10-02,6220
2022-10-03,6391
2022-10-04,5795
2022-10-05,4729
2022-10-06,3495
2022-10-07,3809
2022-10-08,4973
2022-10-09,6417
2022-10-10,6095
2022-10-11,5724
2022-10-12,4588
2022-10-13,3375
2022-10-14,4125
2022-10-15,5107
2022-10-16,6063
2022-10-17,6503
2022-10-18,5344
2022-10-19,4236
2022-10-20,3903
2022-10-21,3648
2022-10-22,5369
2022-10-23,6156
2022-10-24,6661
2022-10-25,5660
2022-10-26,3901
2022-10-27,3423
2022-10-28,3865
2022-10-29,4770
2022-10-30,5903
2022-10-31,6536
2022-11-01,5521
2022-11-02,4010
2022-11-03,3401
2022-11-04,3999
2022-11-05,4905
2022-11-06,6360
2022-11-07,6768
2022-11-08,5657
2022-11-09,4123
2022-11-10,3277
2022-11-11,3822
2022-11-12,5176
2022-11-13,6227
2022-11-14,6572
2022-11-15,5562
2022-11-16,4409
2022-11-17,3443
2022-11-18,3762
2022-11-19,4742
2022-11-20,5858
2022-11-21,6366
2022-11-22,5429
2022-11-23,4157
2022-11-24,3672
2022-11-25,3806
2022-11-26,5583
2022-11-27,6358
2022-11-28,6336
2022-11-29,5806
2022-11-30,4421
2022-12-01,3400
2022-12-02,4048
2022-12-03,4845
2022-12-04,5561
2022-12-05,6621
2022-12-06,5527
2022-12-07,4646
2022-12-08,3408
2022-12-09,3591
2022-12-10,5310
2022-12-11,5958
2022-12-12,6503
2022-12-13,5941
2022-12-14,4372
2022-12-15,3521
2022-12-16,3848
2022-12-17,5168
2022-12-18,6011
2022-12-19,6585
2022-12-20,5766
2022-12-21,4816
2022-12-22,3470
2022-12-23,3644
2022-12-24,5147
2022-12-25,6093
2022-12-26,6520
2022-12-27,5677
2022-12-28,4583
2022-12-29,3406
2022-12-30,3809
2022-12-31,4490
2023-01-01,5995
2023-01-02,6770
2023-01-03,5515
2023-01-04,4209
2023-01-05,3294
2023-01-06,3943
2023-01-07,5036
2023-01-08,5935
2023-01-09,6596
2023-01-10,5703
2023-01-11,4500
2023-01-12,3409
2023-01-13,4175
2023-01-14,5082
2023-01-15,6149
2023-01-16,6359
2023-01-17,5602
2023-01-18,4521
2023-01-19,3484
2023-01-20,4043
2023-01-21,925
2023-01-22,6442
2023-01-23,6625
2023-01-24,5638
2023-01-25,3967
2023-01-26,3597
2023-01-27,3985
2023-01-28,5033
2023-01-29,6284
2023-01-30,6368
2023-01-31,5575
2023-02-01,4161
2023-02-02,3810
2023-02-03,3859
2023-02-04,4902
2023-02-05,5906
2023-02-06,6432
2023-02-07,5939
2023-02-08,4442
2023-02-09,3393
2023-02-10,4113
2023-02-11,5286
2023-02-12,6369
2023-02-13,6620
2023-02-14,5882
2023-02-15,4458
2023-02-16,3693
2023-02-17,3671
2023-02-18,5300
2023-02-19,6219
2023-02-20,6867
2023-02-21,5242
2023-02-22,4490
2023-02-23,3734
2023-02-24,3759
2023-02-25,5090
2023-02-26,6322
2023-02-27,6578
2023-02-28,5543
2023-03-01,4321
2023-03-02,3741
2023-03-03,4083
2023-03-04,5020
2023-03-05,6188
2023-03-06,6502
2023-03-07,5858
2023-03-08,4138
2023-03-09,3272
2023-03-10,3852
2023-03-11,4779
2023-03-12,6055
2023-03-13,6480
2023-03-14,5747
2023-03-15,4135
2023-03-16,3698
2023-03-17,3473
2023-03-18,5109
2023-03-19,5857
2023-03-20,6207
2023-03-21,5779
2023-03-22,4268
2023-03-23,3378
2023-03-24,3738
2023-03-25,5093
2023-03-26,6162
2023-03-27,6457
2023-03-28,5862
2023-03-29,4206
2023-03-30,3443
2023-03-31,3723
2023-04-01,5234
2023-04-02,6371
2023-04-03,6720
2023-04-04,5644
2023-04-05,4318
2023-04-06,3708
2023-04-07,3748
2023-04-08,5166
2023-04-09,6318
2023-04-10,6323
2023-04-11,5634
2023-04-12,4325
2023-04-13,3884
2023-04-14,4345
2023-04-15,4980
2023-04-16,6176
2023-04-17,6006
2023-04-18,5693
2023-04-19,4348
2023-04-20,3323
2023-04-21,3984
2023-04-22,4687
2023-04-23,6130
2023-04-24,6490
2023-04-25,5401
2023-04-26,4521
2023-04-27,3749
2023-04-28,3550
2023-04-29,4718
2023-04-30,6293
2023-05-01,6456
2023-05-02,275
2023-05-03,4290
2023-05-04,3516
2023-05-05,3799
2023-05-06,5165
2023-05-07,6250
2023-05-08,6816
2023-05-09,5926
2023-05-10,4485
2023-05-11,3753
2023-05-12,4092
2023-05-13,5141
2023-05-14,5928
2023-05-15,6634
2023-05-16,5665
2023-05-17,4673
2023-05-18,3556
2023-05-19,3932
2023-05-20,5066
2023-05-21,6509
2023-05-22,6498
2023-05-23,5597
2023-05-24,4411
2023-05-25,3450
2023-05-26,3860
2023-05-27,4999
2023-05-28,6227
2023-05-29,6847
2023-05-30,5570
2023-05-31,4357
2023-06-01,3498
2023-06-02,3962
2023-06-03,4764
2023-06-04,6034
2023-06-05,6454
2023-06-06,5760
2023-06-07,4340
2023-06-08,3438
2023-06-09,3654
2023-06-10,5102
2023-06-11,6461
2023-06-12,6527
2023-06-13,5688
2023-06-14,4438
2023-06-15,3349
2023-06-16,3765
2023-06-17,4946
2023-06-18,6232
2023-06-19,6456
2023-06-20,5408
2023-06-21,4574
2023-06-22,3876
2023-06-23,3775
2023-06-24,5080
2023-06-25,6226
2023-06-26,6619
2023-06-27,5355
2023-06-28,4672
2023-06-29,3444
2023-06-30,4080
2023-07-01,5016
2023-07-02,6095
2023-07-03,6434
2023-07-04,5830
2023-07-05,4177
2023-07-06,3463
2023-07-07,3731
2023-07-08,4657
2023-07-09,6433
2023-07-10,1097
2023-07-11,5647
2023-07-12,4582
2023-07-13,3346
2023-07-14,3813
2023-07-15,5345
2023-07-16,6369
2023-07-17,6017
2023-07-18,4984
2023-07-19,4142
2023-07-20,3750
2023-07-21,3733
2023-07-22,4956
2023-07-23,6294
2023-07-24,6285
2023-07-25,5693
2023-07-26,4508
2023-07-27,3631
2023-07-28,3906
2023-07-29,4880
2023-07-30,6276
2023-07-31,6377
2023-08-01,5912
2023-08-02,4863
2023-08-03,490
2023-08-04,3392
2023-08-05,4915
2023-08-06,6248
2023-08-07,6672
2023-08-08,5867
2023-08-09,4192
2023-08-10,3379
2023-08-11,4081
2023-08-12,4782
2023-08-13,6391
2023-08-14,6417
2023-08-15,5804
2023-08-16,4490
2023-08-17,3693
2023-08-18,3991
2023-08-19,4802
2023-08-20,6232
2023-08-21,6465
2023-08-22,5713
2023-08-23,4596
2023-08-24,3483
2023-08-25,3685
2023-08-26,4854
2023-08-27,6111
2023-08-28,6613
2023-08-29,5488
2023-08-30,4581
2023-08-31,3596
2023-09-01,3782
2023-09-02,4734
2023-09-03,6222
2023-09-04,6601
2023-09-05,5298
2023-09-06,4588
2023-09-07,3867
2023-09-08,3895
2023-09-09,5098
2023-09-10,6655
2023-09-11,6709
2023-09-12,5471
2023-09-13,4346
2023-09-14,3506
2023-09-15,3797
2023-09-16,4527
2023-09-17,6324
2023-09-18,6335
2023-09-19,5684
2023-09-20,4322
2023-09-21,3712
2023-09-22,3768
2023-09-23,4841
2023-09-24,6279
2023-09-25,1223
2023-09-26,5587
2023-09-27,4623
2023-09-28,3590
2023-09-29,3721
2023-09-30,5305
2023-10-01,6009
2023-10-02,6665
2023-10-03,5551
2023-10-04,4439
2023-10-05,3291
2023-10-06,3660
2023-10-07,5213
2023-10-08,6210
2023-10-09,6470
2023-10-10,5563
2023-10-11,4438
2023-10-12,3258
2023-10-13,3603
2023-10-14,4968
2023-10-15,6006
2023-10-16,6322
2023-10-17,5637
2023-10-18,4322
2023-10-19,3493
2023-10-20,4160
2023-10-21,5202
2023-10-22,6419
2023-10-23,6457
2023-10-24,5550
2023-10-25,4058
2023-10-26,3468
2023-10-27,3410
2023-10-28,4883
2023-10-29,6326
2023-10-30,6787
2023-10-31,5844
2023-11-01,654
2023-11-02,3636
2023-11-03,3669
2023-11-04,5165
2023-11-05,6150
2023-11-06,6634
2023-11-07,6165
2023-11-08,4534
2023-11-09,4004
2023-11-10,3863
2023-11-11,4934
2023-11-12,6439
2023-11-13,6807
2023-11-14,5540
2023-11-15,4365
2023-11-16,3251
2023-11-17,3787
2023-11-18,5178
2023-11-19,6155
2023-11-20,544
2023-11-21,5369
2023-11-22,4423
2023-11-23,3697
2023-11-24,3947
2023-11-25,5051
2023-11-26,5918
2023-11-27,6815
2023-11-28,5640
2023-11-29,4320
2023-11-30,3684
2023-12-01,3395
2023-12-02,4987
2023-12-03,6145
2023-12-04,6537
2023-12-05,5920
2023-12-06,4444
2023-12-07,3171
2023-12-08,3759
2023-12-09,5041
2023-12-10,6202
2023-12-11,6206
2023-12-12,5318
2023-12-13,4459
2023-12-14,3606
2023-12-15,3823
2023-12-16,4655
2023-12-17,6528
2023-12-18,5882
2023-12-19,5578
2023-12-20,4767
2023-12-21,3506
2023-12-22,3874
2023-12-23,4764
2023-12-24,6444
2023-12-25,6204
2023-12-26,5702
2023-12-27,4376
2023-12-28,3327
2023-12-29,4005
2023-12-30,4717
2023-12-31,6036
